{"Polygon-0": [[-74.39102812499408, 36.51603554921225], [-113.94180937499384, 33.493075785695396], [-102.69180937499677, 16.538531347497084], [-71.40274687499526, 23.79263049697957], [-74.39102812499408, 36.51603554921225]]}
{"Polygon-0": [[-64.65404723667241, 61.13509880399434], [-78.89232848667467, 60.01252807894002], [-75.55248473667301, 49.314134155059094], [-50.591547236667566, 55.01835910781983], [-64.65404723667241, 61.13509880399434]]}
{"Polygon-1": [[-64.65404723667241, 61.13509880399434], [-78.89232848667467, 60.01252807894002], [-75.55248473667301, 49.314134155059094], [-50.591547236667566, 55.01835910781983], [-47.427484736671744, 53.05749674436569], [-47.2517034866743, 60.87949782599841], [-64.65404723667241, 61.13509880399434]]}
{"Polygon-2": [[-68.76602812499134, 22.98595415708286], [-115.69962187500204, 11.250871313159408], [-104.8011843749999, -2.2107273560149707], [-56.6371218749902, 13.482848810184535], [-68.76602812499134, 22.98595415708286]]}
{"Polygon-3": [[-67.35977812499485, 23.147681370018688], [-89.68399687499154, 14.50621663306471], [-86.87149687499856, 5.864395131510861], [-60.50430937499311, 15.185865235288745], [-67.35977812499485, 23.147681370018688]]}
{"Polygon-4": [[-85.81680937499698, 27.593254631481685], [-132.2230593749985, 17.88178114506924], [-121.32462187499635, 3.9379635762801968], [-87.22305937499347, 19.712153343510707], [-85.81680937499698, 27.593254631481685]]}
{"Polygon-0": [[-85.46524687499368, 30.965596196387068], [-109.84503335841298, 13.866975774041975], [-104.92315835841698, 8.523538399763865], [-66.25128335841366, 26.6936883980227], [-85.46524687499368, 30.965596196387068]]}
